t_s,B_applied_T,M_proj,S
0.01378983699178512,0.0,0.19922929641795012,0.24065785465160686
